<?xml version="1.0" encoding="UTF-8"?>
<!-- Product Version: Vivado v2019.2 (64-bit)                     -->
<!--                                                              -->
<!-- Copyright 1986-2019 Xilinx, Inc. All Rights Reserved.        -->

<hwsession version="1" minor="2">
  <device name="xc7a200t_0" gui_info="dashboard1=hw_ila_1[xc7a200t_0/hw_ila_1/Status=ILA_STATUS_1;xc7a200t_0/hw_ila_1/Trigger Setup=ILA_TRIGGER_1;xc7a200t_0/hw_ila_1/Settings=ILA_SETTINGS_1;xc7a200t_0/hw_ila_1/Capture Setup=ILA_CAPTURE_1;xc7a200t_0/hw_ila_1/Waveform=ILA_WAVE_1;]"/>
  <ObjectList object_type="hw_device" gui_info="">
    <Object name="xc7a200t_0" gui_info="">
      <Properties Property="FULL_PROBES.FILE" value="$_project_name_.runs/impl_1/cpu_top.ltx"/>
      <Properties Property="PROBES.FILE" value="$_project_name_.runs/impl_1/cpu_top.ltx"/>
      <Properties Property="PROGRAM.HW_BITSTREAM" value="$_project_name_.runs/impl_1/cpu_top.bit"/>
      <Properties Property="SLR.COUNT" value="1"/>
    </Object>
  </ObjectList>
  <ObjectList object_type="hw_ila" gui_info="">
    <Object name="" gui_info="">
      <Properties Property="CONTROL.TRIGGER_CONDITION" value="AND"/>
      <Properties Property="CORE_REFRESH_RATE_MS" value="500"/>
    </Object>
    <Object name="u_ila_0" gui_info="">
      <Properties Property="CONTROL.TRIGGER_CONDITION" value="AND"/>
      <Properties Property="CORE_REFRESH_RATE_MS" value="500"/>
    </Object>
  </ObjectList>
  <ObjectList object_type="hw_probe" gui_info="">
    <Object name="U_cpu/resetn" gui_info="Trigger Setup=0"/>
  </ObjectList>
  <probeset name="hw project" active="false">
    <probe type="ila" busType="bus" source="netlist" spec="ILA_V2_RT">
      <probeOptions Id="DebugProbeParams">
        <Option Id="CAPTURE_COMPARE_VALUE" value="eq32&apos;hXXXX_XXXX"/>
        <Option Id="COMPARE_VALUE.0" value="eq32&apos;hXXXX_XXXX"/>
        <Option Id="DISPLAY_AS_ENUM" value="1"/>
        <Option Id="DISPLAY_HINT" value=""/>
        <Option Id="DISPLAY_RADIX" value="HEX"/>
        <Option Id="DISPLAY_VISIBILITY" value=""/>
        <Option Id="HW_ILA" value="hw_ila_1"/>
        <Option Id="LINK_TO_WAVEFORM" value="1"/>
        <Option Id="MAP" value="probe5[31:0]"/>
        <Option Id="NAME.CUSTOM" value=""/>
        <Option Id="NAME.SELECT" value="Long"/>
        <Option Id="SOURCE" value="netlist"/>
        <Option Id="TRIGGER_COMPARE_VALUE" value="eq32&apos;hXXXX_XXXX"/>
        <Option Id="WAVEFORM_STYLE" value="Digital"/>
      </probeOptions>
      <nets>
        <net name="U_cpu/currentpc[31]"/>
        <net name="U_cpu/currentpc[30]"/>
        <net name="U_cpu/currentpc[29]"/>
        <net name="U_cpu/currentpc[28]"/>
        <net name="U_cpu/currentpc[27]"/>
        <net name="U_cpu/currentpc[26]"/>
        <net name="U_cpu/currentpc[25]"/>
        <net name="U_cpu/currentpc[24]"/>
        <net name="U_cpu/currentpc[23]"/>
        <net name="U_cpu/currentpc[22]"/>
        <net name="U_cpu/currentpc[21]"/>
        <net name="U_cpu/currentpc[20]"/>
        <net name="U_cpu/currentpc[19]"/>
        <net name="U_cpu/currentpc[18]"/>
        <net name="U_cpu/currentpc[17]"/>
        <net name="U_cpu/currentpc[16]"/>
        <net name="U_cpu/currentpc[15]"/>
        <net name="U_cpu/currentpc[14]"/>
        <net name="U_cpu/currentpc[13]"/>
        <net name="U_cpu/currentpc[12]"/>
        <net name="U_cpu/currentpc[11]"/>
        <net name="U_cpu/currentpc[10]"/>
        <net name="U_cpu/currentpc[9]"/>
        <net name="U_cpu/currentpc[8]"/>
        <net name="U_cpu/currentpc[7]"/>
        <net name="U_cpu/currentpc[6]"/>
        <net name="U_cpu/currentpc[5]"/>
        <net name="U_cpu/currentpc[4]"/>
        <net name="U_cpu/currentpc[3]"/>
        <net name="U_cpu/currentpc[2]"/>
        <net name="U_cpu/currentpc[1]"/>
        <net name="U_cpu/currentpc[0]"/>
      </nets>
    </probe>
    <probe type="ila" busType="bus" source="netlist" spec="ILA_V2_RT">
      <probeOptions Id="DebugProbeParams">
        <Option Id="CAPTURE_COMPARE_VALUE" value="eq32&apos;hXXXX_XXXX"/>
        <Option Id="COMPARE_VALUE.0" value="eq32&apos;hXXXX_XXXX"/>
        <Option Id="DISPLAY_AS_ENUM" value="1"/>
        <Option Id="DISPLAY_HINT" value=""/>
        <Option Id="DISPLAY_RADIX" value="HEX"/>
        <Option Id="DISPLAY_VISIBILITY" value=""/>
        <Option Id="HW_ILA" value="hw_ila_1"/>
        <Option Id="LINK_TO_WAVEFORM" value="1"/>
        <Option Id="MAP" value="probe4[31:0]"/>
        <Option Id="NAME.CUSTOM" value=""/>
        <Option Id="NAME.SELECT" value="Long"/>
        <Option Id="SOURCE" value="netlist"/>
        <Option Id="TRIGGER_COMPARE_VALUE" value="eq32&apos;hXXXX_XXXX"/>
        <Option Id="WAVEFORM_STYLE" value="Digital"/>
      </probeOptions>
      <nets>
        <net name="U_cpu/debug_wb_pc[31]"/>
        <net name="U_cpu/debug_wb_pc[30]"/>
        <net name="U_cpu/debug_wb_pc[29]"/>
        <net name="U_cpu/debug_wb_pc[28]"/>
        <net name="U_cpu/debug_wb_pc[27]"/>
        <net name="U_cpu/debug_wb_pc[26]"/>
        <net name="U_cpu/debug_wb_pc[25]"/>
        <net name="U_cpu/debug_wb_pc[24]"/>
        <net name="U_cpu/debug_wb_pc[23]"/>
        <net name="U_cpu/debug_wb_pc[22]"/>
        <net name="U_cpu/debug_wb_pc[21]"/>
        <net name="U_cpu/debug_wb_pc[20]"/>
        <net name="U_cpu/debug_wb_pc[19]"/>
        <net name="U_cpu/debug_wb_pc[18]"/>
        <net name="U_cpu/debug_wb_pc[17]"/>
        <net name="U_cpu/debug_wb_pc[16]"/>
        <net name="U_cpu/debug_wb_pc[15]"/>
        <net name="U_cpu/debug_wb_pc[14]"/>
        <net name="U_cpu/debug_wb_pc[13]"/>
        <net name="U_cpu/debug_wb_pc[12]"/>
        <net name="U_cpu/debug_wb_pc[11]"/>
        <net name="U_cpu/debug_wb_pc[10]"/>
        <net name="U_cpu/debug_wb_pc[9]"/>
        <net name="U_cpu/debug_wb_pc[8]"/>
        <net name="U_cpu/debug_wb_pc[7]"/>
        <net name="U_cpu/debug_wb_pc[6]"/>
        <net name="U_cpu/debug_wb_pc[5]"/>
        <net name="U_cpu/debug_wb_pc[4]"/>
        <net name="U_cpu/debug_wb_pc[3]"/>
        <net name="U_cpu/debug_wb_pc[2]"/>
        <net name="U_cpu/debug_wb_pc[1]"/>
        <net name="U_cpu/debug_wb_pc[0]"/>
      </nets>
    </probe>
    <probe type="ila" busType="bus" source="netlist" spec="ILA_V2_RT">
      <probeOptions Id="DebugProbeParams">
        <Option Id="CAPTURE_COMPARE_VALUE" value="eq5&apos;hXX"/>
        <Option Id="COMPARE_VALUE.0" value="eq5&apos;hXX"/>
        <Option Id="DISPLAY_AS_ENUM" value="1"/>
        <Option Id="DISPLAY_HINT" value=""/>
        <Option Id="DISPLAY_RADIX" value="HEX"/>
        <Option Id="DISPLAY_VISIBILITY" value=""/>
        <Option Id="HW_ILA" value="hw_ila_1"/>
        <Option Id="LINK_TO_WAVEFORM" value="1"/>
        <Option Id="MAP" value="probe0[4:0]"/>
        <Option Id="NAME.CUSTOM" value=""/>
        <Option Id="NAME.SELECT" value="Long"/>
        <Option Id="SOURCE" value="netlist"/>
        <Option Id="TRIGGER_COMPARE_VALUE" value="eq5&apos;hXX"/>
        <Option Id="WAVEFORM_STYLE" value="Digital"/>
      </probeOptions>
      <nets>
        <net name="U_cpu/debug_wb_rf_addr[4]"/>
        <net name="U_cpu/debug_wb_rf_addr[3]"/>
        <net name="U_cpu/debug_wb_rf_addr[2]"/>
        <net name="U_cpu/debug_wb_rf_addr[1]"/>
        <net name="U_cpu/debug_wb_rf_addr[0]"/>
      </nets>
    </probe>
    <probe type="ila" busType="bus" source="netlist" spec="ILA_V2_RT">
      <probeOptions Id="DebugProbeParams">
        <Option Id="CAPTURE_COMPARE_VALUE" value="eq32&apos;hXXXX_XXXX"/>
        <Option Id="COMPARE_VALUE.0" value="eq32&apos;hXXXX_XXXX"/>
        <Option Id="DISPLAY_AS_ENUM" value="1"/>
        <Option Id="DISPLAY_HINT" value=""/>
        <Option Id="DISPLAY_RADIX" value="HEX"/>
        <Option Id="DISPLAY_VISIBILITY" value=""/>
        <Option Id="HW_ILA" value="hw_ila_1"/>
        <Option Id="LINK_TO_WAVEFORM" value="1"/>
        <Option Id="MAP" value="probe1[31:0]"/>
        <Option Id="NAME.CUSTOM" value=""/>
        <Option Id="NAME.SELECT" value="Long"/>
        <Option Id="SOURCE" value="netlist"/>
        <Option Id="TRIGGER_COMPARE_VALUE" value="eq32&apos;hXXXX_XXXX"/>
        <Option Id="WAVEFORM_STYLE" value="Digital"/>
      </probeOptions>
      <nets>
        <net name="U_cpu/debug_wb_rf_wdata[31]"/>
        <net name="U_cpu/debug_wb_rf_wdata[30]"/>
        <net name="U_cpu/debug_wb_rf_wdata[29]"/>
        <net name="U_cpu/debug_wb_rf_wdata[28]"/>
        <net name="U_cpu/debug_wb_rf_wdata[27]"/>
        <net name="U_cpu/debug_wb_rf_wdata[26]"/>
        <net name="U_cpu/debug_wb_rf_wdata[25]"/>
        <net name="U_cpu/debug_wb_rf_wdata[24]"/>
        <net name="U_cpu/debug_wb_rf_wdata[23]"/>
        <net name="U_cpu/debug_wb_rf_wdata[22]"/>
        <net name="U_cpu/debug_wb_rf_wdata[21]"/>
        <net name="U_cpu/debug_wb_rf_wdata[20]"/>
        <net name="U_cpu/debug_wb_rf_wdata[19]"/>
        <net name="U_cpu/debug_wb_rf_wdata[18]"/>
        <net name="U_cpu/debug_wb_rf_wdata[17]"/>
        <net name="U_cpu/debug_wb_rf_wdata[16]"/>
        <net name="U_cpu/debug_wb_rf_wdata[15]"/>
        <net name="U_cpu/debug_wb_rf_wdata[14]"/>
        <net name="U_cpu/debug_wb_rf_wdata[13]"/>
        <net name="U_cpu/debug_wb_rf_wdata[12]"/>
        <net name="U_cpu/debug_wb_rf_wdata[11]"/>
        <net name="U_cpu/debug_wb_rf_wdata[10]"/>
        <net name="U_cpu/debug_wb_rf_wdata[9]"/>
        <net name="U_cpu/debug_wb_rf_wdata[8]"/>
        <net name="U_cpu/debug_wb_rf_wdata[7]"/>
        <net name="U_cpu/debug_wb_rf_wdata[6]"/>
        <net name="U_cpu/debug_wb_rf_wdata[5]"/>
        <net name="U_cpu/debug_wb_rf_wdata[4]"/>
        <net name="U_cpu/debug_wb_rf_wdata[3]"/>
        <net name="U_cpu/debug_wb_rf_wdata[2]"/>
        <net name="U_cpu/debug_wb_rf_wdata[1]"/>
        <net name="U_cpu/debug_wb_rf_wdata[0]"/>
      </nets>
    </probe>
    <probe type="ila" busType="net" source="netlist" spec="ILA_V2_RT">
      <probeOptions Id="DebugProbeParams">
        <Option Id="CAPTURE_COMPARE_VALUE" value="eq1&apos;bX"/>
        <Option Id="COMPARE_VALUE.0" value="eq1&apos;bX"/>
        <Option Id="DISPLAY_AS_ENUM" value="1"/>
        <Option Id="DISPLAY_HINT" value=""/>
        <Option Id="DISPLAY_RADIX" value="HEX"/>
        <Option Id="DISPLAY_VISIBILITY" value=""/>
        <Option Id="HW_ILA" value="hw_ila_1"/>
        <Option Id="LINK_TO_WAVEFORM" value="1"/>
        <Option Id="MAP" value="probe8[0]"/>
        <Option Id="NAME.CUSTOM" value=""/>
        <Option Id="NAME.SELECT" value="Long"/>
        <Option Id="SOURCE" value="netlist"/>
        <Option Id="TRIGGER_COMPARE_VALUE" value="eq1&apos;bX"/>
        <Option Id="WAVEFORM_STYLE" value="Digital"/>
      </probeOptions>
      <nets>
        <net name="U_cpu/debug_wb_rf_wen"/>
      </nets>
    </probe>
    <probe type="ila" busType="bus" source="netlist" spec="ILA_V2_RT">
      <probeOptions Id="DebugProbeParams">
        <Option Id="CAPTURE_COMPARE_VALUE" value="eq32&apos;hXXXX_XXXX"/>
        <Option Id="COMPARE_VALUE.0" value="eq32&apos;hXXXX_XXXX"/>
        <Option Id="DISPLAY_AS_ENUM" value="1"/>
        <Option Id="DISPLAY_HINT" value=""/>
        <Option Id="DISPLAY_RADIX" value="HEX"/>
        <Option Id="DISPLAY_VISIBILITY" value=""/>
        <Option Id="HW_ILA" value="hw_ila_1"/>
        <Option Id="LINK_TO_WAVEFORM" value="1"/>
        <Option Id="MAP" value="probe2[31:0]"/>
        <Option Id="NAME.CUSTOM" value=""/>
        <Option Id="NAME.SELECT" value="Long"/>
        <Option Id="SOURCE" value="netlist"/>
        <Option Id="TRIGGER_COMPARE_VALUE" value="eq32&apos;hXXXX_XXXX"/>
        <Option Id="WAVEFORM_STYLE" value="Digital"/>
      </probeOptions>
      <nets>
        <net name="U_cpu/exmem_out_current_pc[31]"/>
        <net name="U_cpu/exmem_out_current_pc[30]"/>
        <net name="U_cpu/exmem_out_current_pc[29]"/>
        <net name="U_cpu/exmem_out_current_pc[28]"/>
        <net name="U_cpu/exmem_out_current_pc[27]"/>
        <net name="U_cpu/exmem_out_current_pc[26]"/>
        <net name="U_cpu/exmem_out_current_pc[25]"/>
        <net name="U_cpu/exmem_out_current_pc[24]"/>
        <net name="U_cpu/exmem_out_current_pc[23]"/>
        <net name="U_cpu/exmem_out_current_pc[22]"/>
        <net name="U_cpu/exmem_out_current_pc[21]"/>
        <net name="U_cpu/exmem_out_current_pc[20]"/>
        <net name="U_cpu/exmem_out_current_pc[19]"/>
        <net name="U_cpu/exmem_out_current_pc[18]"/>
        <net name="U_cpu/exmem_out_current_pc[17]"/>
        <net name="U_cpu/exmem_out_current_pc[16]"/>
        <net name="U_cpu/exmem_out_current_pc[15]"/>
        <net name="U_cpu/exmem_out_current_pc[14]"/>
        <net name="U_cpu/exmem_out_current_pc[13]"/>
        <net name="U_cpu/exmem_out_current_pc[12]"/>
        <net name="U_cpu/exmem_out_current_pc[11]"/>
        <net name="U_cpu/exmem_out_current_pc[10]"/>
        <net name="U_cpu/exmem_out_current_pc[9]"/>
        <net name="U_cpu/exmem_out_current_pc[8]"/>
        <net name="U_cpu/exmem_out_current_pc[7]"/>
        <net name="U_cpu/exmem_out_current_pc[6]"/>
        <net name="U_cpu/exmem_out_current_pc[5]"/>
        <net name="U_cpu/exmem_out_current_pc[4]"/>
        <net name="U_cpu/exmem_out_current_pc[3]"/>
        <net name="U_cpu/exmem_out_current_pc[2]"/>
        <net name="U_cpu/exmem_out_current_pc[1]"/>
        <net name="U_cpu/exmem_out_current_pc[0]"/>
      </nets>
    </probe>
    <probe type="ila" busType="bus" source="netlist" spec="ILA_V2_RT">
      <probeOptions Id="DebugProbeParams">
        <Option Id="CAPTURE_COMPARE_VALUE" value="eq32&apos;hXXXX_XXXX"/>
        <Option Id="COMPARE_VALUE.0" value="eq32&apos;hXXXX_XXXX"/>
        <Option Id="DISPLAY_AS_ENUM" value="1"/>
        <Option Id="DISPLAY_HINT" value=""/>
        <Option Id="DISPLAY_RADIX" value="HEX"/>
        <Option Id="DISPLAY_VISIBILITY" value=""/>
        <Option Id="HW_ILA" value="hw_ila_1"/>
        <Option Id="LINK_TO_WAVEFORM" value="1"/>
        <Option Id="MAP" value="probe3[31:0]"/>
        <Option Id="NAME.CUSTOM" value=""/>
        <Option Id="NAME.SELECT" value="Long"/>
        <Option Id="SOURCE" value="netlist"/>
        <Option Id="TRIGGER_COMPARE_VALUE" value="eq32&apos;hXXXX_XXXX"/>
        <Option Id="WAVEFORM_STYLE" value="Digital"/>
      </probeOptions>
      <nets>
        <net name="U_cpu/idex_out_current_pc[31]"/>
        <net name="U_cpu/idex_out_current_pc[30]"/>
        <net name="U_cpu/idex_out_current_pc[29]"/>
        <net name="U_cpu/idex_out_current_pc[28]"/>
        <net name="U_cpu/idex_out_current_pc[27]"/>
        <net name="U_cpu/idex_out_current_pc[26]"/>
        <net name="U_cpu/idex_out_current_pc[25]"/>
        <net name="U_cpu/idex_out_current_pc[24]"/>
        <net name="U_cpu/idex_out_current_pc[23]"/>
        <net name="U_cpu/idex_out_current_pc[22]"/>
        <net name="U_cpu/idex_out_current_pc[21]"/>
        <net name="U_cpu/idex_out_current_pc[20]"/>
        <net name="U_cpu/idex_out_current_pc[19]"/>
        <net name="U_cpu/idex_out_current_pc[18]"/>
        <net name="U_cpu/idex_out_current_pc[17]"/>
        <net name="U_cpu/idex_out_current_pc[16]"/>
        <net name="U_cpu/idex_out_current_pc[15]"/>
        <net name="U_cpu/idex_out_current_pc[14]"/>
        <net name="U_cpu/idex_out_current_pc[13]"/>
        <net name="U_cpu/idex_out_current_pc[12]"/>
        <net name="U_cpu/idex_out_current_pc[11]"/>
        <net name="U_cpu/idex_out_current_pc[10]"/>
        <net name="U_cpu/idex_out_current_pc[9]"/>
        <net name="U_cpu/idex_out_current_pc[8]"/>
        <net name="U_cpu/idex_out_current_pc[7]"/>
        <net name="U_cpu/idex_out_current_pc[6]"/>
        <net name="U_cpu/idex_out_current_pc[5]"/>
        <net name="U_cpu/idex_out_current_pc[4]"/>
        <net name="U_cpu/idex_out_current_pc[3]"/>
        <net name="U_cpu/idex_out_current_pc[2]"/>
        <net name="U_cpu/idex_out_current_pc[1]"/>
        <net name="U_cpu/idex_out_current_pc[0]"/>
      </nets>
    </probe>
    <probe type="ila" busType="bus" source="netlist" spec="ILA_V2_RT">
      <probeOptions Id="DebugProbeParams">
        <Option Id="CAPTURE_COMPARE_VALUE" value="eq32&apos;hXXXX_XXXX"/>
        <Option Id="COMPARE_VALUE.0" value="eq32&apos;hXXXX_XXXX"/>
        <Option Id="DISPLAY_AS_ENUM" value="1"/>
        <Option Id="DISPLAY_HINT" value=""/>
        <Option Id="DISPLAY_RADIX" value="HEX"/>
        <Option Id="DISPLAY_VISIBILITY" value=""/>
        <Option Id="HW_ILA" value="hw_ila_1"/>
        <Option Id="LINK_TO_WAVEFORM" value="1"/>
        <Option Id="MAP" value="probe6[31:0]"/>
        <Option Id="NAME.CUSTOM" value=""/>
        <Option Id="NAME.SELECT" value="Long"/>
        <Option Id="SOURCE" value="netlist"/>
        <Option Id="TRIGGER_COMPARE_VALUE" value="eq32&apos;hXXXX_XXXX"/>
        <Option Id="WAVEFORM_STYLE" value="Digital"/>
      </probeOptions>
      <nets>
        <net name="U_cpu/ifid_out_current_pc[31]"/>
        <net name="U_cpu/ifid_out_current_pc[30]"/>
        <net name="U_cpu/ifid_out_current_pc[29]"/>
        <net name="U_cpu/ifid_out_current_pc[28]"/>
        <net name="U_cpu/ifid_out_current_pc[27]"/>
        <net name="U_cpu/ifid_out_current_pc[26]"/>
        <net name="U_cpu/ifid_out_current_pc[25]"/>
        <net name="U_cpu/ifid_out_current_pc[24]"/>
        <net name="U_cpu/ifid_out_current_pc[23]"/>
        <net name="U_cpu/ifid_out_current_pc[22]"/>
        <net name="U_cpu/ifid_out_current_pc[21]"/>
        <net name="U_cpu/ifid_out_current_pc[20]"/>
        <net name="U_cpu/ifid_out_current_pc[19]"/>
        <net name="U_cpu/ifid_out_current_pc[18]"/>
        <net name="U_cpu/ifid_out_current_pc[17]"/>
        <net name="U_cpu/ifid_out_current_pc[16]"/>
        <net name="U_cpu/ifid_out_current_pc[15]"/>
        <net name="U_cpu/ifid_out_current_pc[14]"/>
        <net name="U_cpu/ifid_out_current_pc[13]"/>
        <net name="U_cpu/ifid_out_current_pc[12]"/>
        <net name="U_cpu/ifid_out_current_pc[11]"/>
        <net name="U_cpu/ifid_out_current_pc[10]"/>
        <net name="U_cpu/ifid_out_current_pc[9]"/>
        <net name="U_cpu/ifid_out_current_pc[8]"/>
        <net name="U_cpu/ifid_out_current_pc[7]"/>
        <net name="U_cpu/ifid_out_current_pc[6]"/>
        <net name="U_cpu/ifid_out_current_pc[5]"/>
        <net name="U_cpu/ifid_out_current_pc[4]"/>
        <net name="U_cpu/ifid_out_current_pc[3]"/>
        <net name="U_cpu/ifid_out_current_pc[2]"/>
        <net name="U_cpu/ifid_out_current_pc[1]"/>
        <net name="U_cpu/ifid_out_current_pc[0]"/>
      </nets>
    </probe>
    <probe type="ila" busType="bus" source="netlist" spec="ILA_V2_RT">
      <probeOptions Id="DebugProbeParams">
        <Option Id="CAPTURE_COMPARE_VALUE" value="eq32&apos;hXXXX_XXXX"/>
        <Option Id="COMPARE_VALUE.0" value="eq32&apos;hXXXX_XXXX"/>
        <Option Id="DISPLAY_AS_ENUM" value="1"/>
        <Option Id="DISPLAY_HINT" value=""/>
        <Option Id="DISPLAY_RADIX" value="HEX"/>
        <Option Id="DISPLAY_VISIBILITY" value=""/>
        <Option Id="HW_ILA" value="hw_ila_1"/>
        <Option Id="LINK_TO_WAVEFORM" value="1"/>
        <Option Id="MAP" value="probe7[31:0]"/>
        <Option Id="NAME.CUSTOM" value=""/>
        <Option Id="NAME.SELECT" value="Long"/>
        <Option Id="SOURCE" value="netlist"/>
        <Option Id="TRIGGER_COMPARE_VALUE" value="eq32&apos;hXXXX_XXXX"/>
        <Option Id="WAVEFORM_STYLE" value="Digital"/>
      </probeOptions>
      <nets>
        <net name="U_cpu/memwb_out_current_pc[31]"/>
        <net name="U_cpu/memwb_out_current_pc[30]"/>
        <net name="U_cpu/memwb_out_current_pc[29]"/>
        <net name="U_cpu/memwb_out_current_pc[28]"/>
        <net name="U_cpu/memwb_out_current_pc[27]"/>
        <net name="U_cpu/memwb_out_current_pc[26]"/>
        <net name="U_cpu/memwb_out_current_pc[25]"/>
        <net name="U_cpu/memwb_out_current_pc[24]"/>
        <net name="U_cpu/memwb_out_current_pc[23]"/>
        <net name="U_cpu/memwb_out_current_pc[22]"/>
        <net name="U_cpu/memwb_out_current_pc[21]"/>
        <net name="U_cpu/memwb_out_current_pc[20]"/>
        <net name="U_cpu/memwb_out_current_pc[19]"/>
        <net name="U_cpu/memwb_out_current_pc[18]"/>
        <net name="U_cpu/memwb_out_current_pc[17]"/>
        <net name="U_cpu/memwb_out_current_pc[16]"/>
        <net name="U_cpu/memwb_out_current_pc[15]"/>
        <net name="U_cpu/memwb_out_current_pc[14]"/>
        <net name="U_cpu/memwb_out_current_pc[13]"/>
        <net name="U_cpu/memwb_out_current_pc[12]"/>
        <net name="U_cpu/memwb_out_current_pc[11]"/>
        <net name="U_cpu/memwb_out_current_pc[10]"/>
        <net name="U_cpu/memwb_out_current_pc[9]"/>
        <net name="U_cpu/memwb_out_current_pc[8]"/>
        <net name="U_cpu/memwb_out_current_pc[7]"/>
        <net name="U_cpu/memwb_out_current_pc[6]"/>
        <net name="U_cpu/memwb_out_current_pc[5]"/>
        <net name="U_cpu/memwb_out_current_pc[4]"/>
        <net name="U_cpu/memwb_out_current_pc[3]"/>
        <net name="U_cpu/memwb_out_current_pc[2]"/>
        <net name="U_cpu/memwb_out_current_pc[1]"/>
        <net name="U_cpu/memwb_out_current_pc[0]"/>
      </nets>
    </probe>
    <probe type="ila" busType="net" source="netlist" spec="ILA_V2_RT">
      <probeOptions Id="DebugProbeParams">
        <Option Id="CAPTURE_COMPARE_VALUE" value="eq1&apos;bX"/>
        <Option Id="COMPARE_VALUE.0" value="eq1&apos;bR"/>
        <Option Id="DISPLAY_AS_ENUM" value="1"/>
        <Option Id="DISPLAY_HINT" value=""/>
        <Option Id="DISPLAY_RADIX" value="HEX"/>
        <Option Id="DISPLAY_VISIBILITY" value=""/>
        <Option Id="HW_ILA" value="hw_ila_1"/>
        <Option Id="LINK_TO_WAVEFORM" value="1"/>
        <Option Id="MAP" value="probe9[0]"/>
        <Option Id="NAME.CUSTOM" value=""/>
        <Option Id="NAME.SELECT" value="Long"/>
        <Option Id="SOURCE" value="netlist"/>
        <Option Id="TRIGGER_COMPARE_VALUE" value="eq1&apos;bR"/>
        <Option Id="WAVEFORM_STYLE" value="Digital"/>
      </probeOptions>
      <nets>
        <net name="U_cpu/resetn"/>
      </nets>
    </probe>
    <probe type="ila" busType="net" source="netlist" spec="ILA_V2_RT">
      <probeOptions Id="DebugProbeParams">
        <Option Id="CAPTURE_COMPARE_VALUE" value="eq1&apos;bX"/>
        <Option Id="COMPARE_VALUE.0" value="eq1&apos;bX"/>
        <Option Id="DISPLAY_AS_ENUM" value="1"/>
        <Option Id="DISPLAY_HINT" value=""/>
        <Option Id="DISPLAY_RADIX" value="HEX"/>
        <Option Id="DISPLAY_VISIBILITY" value=""/>
        <Option Id="HW_ILA" value="hw_ila_1"/>
        <Option Id="LINK_TO_WAVEFORM" value="1"/>
        <Option Id="MAP" value="probe10[0]"/>
        <Option Id="NAME.CUSTOM" value=""/>
        <Option Id="NAME.SELECT" value="Long"/>
        <Option Id="SOURCE" value="netlist"/>
        <Option Id="TRIGGER_COMPARE_VALUE" value="eq1&apos;bX"/>
        <Option Id="WAVEFORM_STYLE" value="Digital"/>
      </probeOptions>
      <nets>
        <net name="test_err"/>
      </nets>
    </probe>
    <probe type="ila" busType="net" source="netlist" spec="ILA_V2_RT">
      <probeOptions Id="DebugProbeParams">
        <Option Id="CAPTURE_COMPARE_VALUE" value="eq1&apos;bX"/>
        <Option Id="COMPARE_VALUE.0" value="eq1&apos;bX"/>
        <Option Id="DISPLAY_AS_ENUM" value="1"/>
        <Option Id="DISPLAY_HINT" value=""/>
        <Option Id="DISPLAY_RADIX" value="HEX"/>
        <Option Id="DISPLAY_VISIBILITY" value=""/>
        <Option Id="HW_ILA" value="hw_ila_1"/>
        <Option Id="LINK_TO_WAVEFORM" value="1"/>
        <Option Id="MAP" value="probe11[0]"/>
        <Option Id="NAME.CUSTOM" value=""/>
        <Option Id="NAME.SELECT" value="Long"/>
        <Option Id="SOURCE" value="netlist"/>
        <Option Id="TRIGGER_COMPARE_VALUE" value="eq1&apos;bX"/>
        <Option Id="WAVEFORM_STYLE" value="Digital"/>
      </probeOptions>
      <nets>
        <net name="test_pass"/>
      </nets>
    </probe>
  </probeset>
</hwsession>
